{
  "cache_file": "runs/kg_verified_evidence_graph/tse_timesafe_main_20260529_v6/_prefl_cache.jsonl",
  "entity_type_counts": {
    "file": 252,
    "issue": 1
  },
  "entity_type_percentages": {
    "file": 99.60474308300395,
    "issue": 0.3952569169960474
  },
  "file_hit_instances": 278,
  "included_instances": 500,
  "method_hit_instances": 189,
  "ok_instances": 500,
  "path_length_counts": {
    "2": 251,
    "3": 1
  },
  "path_summary": {
    "direct_paths": 0,
    "direct_percent": 0.0,
    "multi_hop_paths": 252,
    "multi_hop_percent": 100.0,
    "path_observations": 252
  },
  "rank_counts": {
    "0": 311,
    "1": 83,
    "10": 4,
    "11": 9,
    "12": 5,
    "13": 4,
    "14": 9,
    "15": 5,
    "16": 3,
    "17": 6,
    "18": 1,
    "19": 4,
    "2": 38,
    "20": 2,
    "3": 15,
    "4": 16,
    "5": 17,
    "6": 10,
    "7": 8,
    "8": 6,
    "9": 7
  },
  "rank_summary": {
    "beyond15": 16,
    "beyond15_percent": 6.349206349206349,
    "missed_observations": 311,
    "rank1": 83,
    "rank1_percent": 32.93650793650794,
    "rank_observations": 252,
    "top10": 204,
    "top10_percent": 80.95238095238095,
    "top15": 236,
    "top15_percent": 93.65079365079364,
    "top5": 169,
    "top5_percent": 67.06349206349206
  },
  "status_counts": {
    "ok": 500
  }
}
